<?xml version="1.0" encoding="UTF-8"?>
<GenRun Id="impl_1" LaunchPart="xc7vx485tffg1157-1" LaunchTime="1603577077">
  <File Type="ROUTE-PWR" Name="round_power_routed.rpt"/>
  <File Type="PA-TCL" Name="round.tcl"/>
  <File Type="BITSTR-BMM" Name="round_bd.bmm"/>
  <File Type="ROUTE-PWR-SUM" Name="round_power_summary_routed.pb"/>
  <File Type="REPORTS-TCL" Name="round_reports.tcl"/>
  <File Type="OPT-DCP" Name="round_opt.dcp"/>
  <File Type="OPT-DRC" Name="round_drc_opted.rpt"/>
  <File Type="OPT-HWDEF" Name="round.hwdef"/>
  <File Type="PWROPT-DCP" Name="round_pwropt.dcp"/>
  <File Type="PLACE-DCP" Name="round_placed.dcp"/>
  <File Type="PLACE-IO" Name="round_io_placed.rpt"/>
  <File Type="PLACE-UTIL" Name="round_utilization_placed.rpt"/>
  <File Type="PLACE-UTIL-PB" Name="round_utilization_placed.pb"/>
  <File Type="PLACE-CTRL" Name="round_control_sets_placed.rpt"/>
  <File Type="PLACE-PRE-SIMILARITY" Name="round_incremental_reuse_pre_placed.rpt"/>
  <File Type="BG-BGN" Name="round.bgn"/>
  <File Type="POSTPLACE-PWROPT-DCP" Name="round_postplace_pwropt.dcp"/>
  <File Type="BG-BIN" Name="round.bin"/>
  <File Type="PHYSOPT-DCP" Name="round_physopt.dcp"/>
  <File Type="BITSTR-MSK" Name="round.msk"/>
  <File Type="ROUTE-ERROR-DCP" Name="round_routed_error.dcp"/>
  <File Type="ROUTE-DCP" Name="round_routed.dcp"/>
  <File Type="ROUTE-BLACKBOX-DCP" Name="round_routed_bb.dcp"/>
  <File Type="ROUTE-DRC" Name="round_drc_routed.rpt"/>
  <File Type="ROUTE-DRC-PB" Name="round_drc_routed.pb"/>
  <File Type="ROUTE-DRC-RPX" Name="round_drc_routed.rpx"/>
  <File Type="BITSTR-LTX" Name="round.ltx"/>
  <File Type="ROUTE-METHODOLOGY-DRC" Name="round_methodology_drc_routed.rpt"/>
  <File Type="BITSTR-MMI" Name="round.mmi"/>
  <File Type="ROUTE-METHODOLOGY-DRC-RPX" Name="round_methodology_drc_routed.rpx"/>
  <File Type="ROUTE-METHODOLOGY-DRC-PB" Name="round_methodology_drc_routed.pb"/>
  <File Type="BITSTR-SYSDEF" Name="round.sysdef"/>
  <File Type="ROUTE-PWR-RPX" Name="round_power_routed.rpx"/>
  <File Type="ROUTE-STATUS" Name="round_route_status.rpt"/>
  <File Type="ROUTE-STATUS-PB" Name="round_route_status.pb"/>
  <File Type="ROUTE-TIMINGSUMMARY" Name="round_timing_summary_routed.rpt"/>
  <File Type="ROUTE-TIMING-PB" Name="round_timing_summary_routed.pb"/>
  <File Type="ROUTE-TIMING-RPX" Name="round_timing_summary_routed.rpx"/>
  <File Type="ROUTE-CLK" Name="round_clock_utilization_routed.rpt"/>
  <File Type="ROUTE-BUS-SKEW" Name="round_bus_skew_routed.rpt"/>
  <File Type="ROUTE-BUS-SKEW-PB" Name="round_bus_skew_routed.pb"/>
  <File Type="ROUTE-BUS-SKEW-RPX" Name="round_bus_skew_routed.rpx"/>
  <File Type="POSTROUTE-PHYSOPT-DCP" Name="round_postroute_physopt.dcp"/>
  <File Type="POSTROUTE-PHYSOPT-BLACKBOX-DCP" Name="round_postroute_physopt_bb.dcp"/>
  <File Type="BG-BIT" Name="round.bit"/>
  <File Type="BITSTR-RBT" Name="round.rbt"/>
  <File Type="BITSTR-NKY" Name="round.nky"/>
  <File Type="BG-DRC" Name="round.drc"/>
  <File Type="RDI-RDI" Name="round.vdi"/>
  <File Type="WBT-USG" Name="usage_statistics_webtalk.html"/>
  <FileSet Name="sources" Type="DesignSrcs" RelSrcDir="$PSRCDIR/sources_1">
    <Filter Type="Srcs"/>
    <File Path="$PPRDIR/../../rtl/round_function.vhd">
      <FileInfo>
        <Attr Name="UsedIn" Val="synthesis"/>
        <Attr Name="UsedIn" Val="simulation"/>
      </FileInfo>
    </File>
    <File Path="$PPRDIR/../../rtl/msg_schdl.vhd">
      <FileInfo>
        <Attr Name="UsedIn" Val="synthesis"/>
        <Attr Name="UsedIn" Val="simulation"/>
      </FileInfo>
    </File>
    <File Path="$PPRDIR/../../rtl/round.vhd">
      <FileInfo>
        <Attr Name="UsedIn" Val="synthesis"/>
        <Attr Name="UsedIn" Val="simulation"/>
      </FileInfo>
    </File>
    <File Path="$PPRDIR/../../rtl/counter.vhd">
      <FileInfo>
        <Attr Name="UsedIn" Val="synthesis"/>
        <Attr Name="UsedIn" Val="simulation"/>
      </FileInfo>
    </File>
    <File Path="$PPRDIR/../../rtl/message_schduler.vhd">
      <FileInfo>
        <Attr Name="UsedIn" Val="synthesis"/>
        <Attr Name="UsedIn" Val="simulation"/>
      </FileInfo>
    </File>
    <File Path="$PPRDIR/../../rtl/round_constant.vhd">
      <FileInfo>
        <Attr Name="UsedIn" Val="synthesis"/>
        <Attr Name="UsedIn" Val="simulation"/>
      </FileInfo>
    </File>
    <File Path="$PPRDIR/../../rtl/control_unit.vhd">
      <FileInfo>
        <Attr Name="UsedIn" Val="synthesis"/>
        <Attr Name="UsedIn" Val="simulation"/>
      </FileInfo>
    </File>
    <File Path="$PPRDIR/../../rtl/data_path.vhd">
      <FileInfo>
        <Attr Name="UsedIn" Val="synthesis"/>
        <Attr Name="UsedIn" Val="simulation"/>
      </FileInfo>
    </File>
    <File Path="$PPRDIR/../../rtl/sha_top.vhd">
      <FileInfo>
        <Attr Name="UsedIn" Val="synthesis"/>
        <Attr Name="UsedIn" Val="simulation"/>
      </FileInfo>
    </File>
    <File Path="$PPRDIR/../../tb/data_path_tb.vhd">
      <FileInfo>
        <Attr Name="UsedIn" Val="synthesis"/>
        <Attr Name="UsedIn" Val="simulation"/>
      </FileInfo>
    </File>
    <Config>
      <Option Name="DesignMode" Val="RTL"/>
      <Option Name="TopModule" Val="round"/>
    </Config>
  </FileSet>
  <FileSet Name="constrs_in" Type="Constrs" RelSrcDir="$PSRCDIR/constrs_1">
    <Filter Type="Constrs"/>
    <Config>
      <Option Name="ConstrsType" Val="XDC"/>
    </Config>
  </FileSet>
  <FileSet Name="utils" Type="Utils" RelSrcDir="$PSRCDIR/utils_1">
    <Filter Type="Utils"/>
    <Config>
      <Option Name="TopAutoSet" Val="TRUE"/>
    </Config>
  </FileSet>
  <Strategy Version="1" Minor="2">
    <StratHandle Name="Vivado Implementation Defaults" Flow="Vivado Implementation 2018"/>
    <Step Id="init_design"/>
    <Step Id="opt_design"/>
    <Step Id="power_opt_design"/>
    <Step Id="place_design"/>
    <Step Id="post_place_power_opt_design"/>
    <Step Id="phys_opt_design"/>
    <Step Id="route_design"/>
    <Step Id="post_route_phys_opt_design"/>
    <Step Id="write_bitstream"/>
  </Strategy>
</GenRun>
